주차장명,주차장구분,소재지지번주소,주차구획수,위도,경도
신성동 제2공영,공영,대전광역시 유성구 신성동 211-2,70,36.38851994,127.3488631
덕명지구 공영(1),공영,대전광역시 유성구 덕명동 544,30,36.35677363,127.3103269
덕명지구 공영(2),공영,대전광역시 유성구 구암동 657,19,36.36050071,127.308142
덕명지구 공영(3),공영,대전광역시 유성구 구암동 677,17,36.35860387,127.3093185
덕명지구 공영(4),공영,대전광역시 유성구 덕명동 544,29,36.35677363,127.3103269
덕명지구 공영(5),공영,대전광역시 유성구 덕명동 545,53,36.35604197,127.3102913
덕명지구 공영(6),공영,대전광역시 유성구 덕명동 530,21,36.35783461,127.3067967
장대동 공영,공영,대전광역시 유성구 장대동 263-2,144,36.36000008,127.331852
전민동주민센터공영,공영,대전광역시 유성구 전민동 300-4,60,36.39984221,127.3996829
전민동 제1공영,공영,대전광역시 유성구 전민동 332-4,37,36.39858478,127.4034104
전민동 제2공영,공영,대전광역시 유성구 전민동 346-3,28,36.39869299,127.4011231
교촌동공영,공영,대전광역시 유성구 교촌동 636-1,23,36.30262606,127.3148186
원내동공영,공영,대전광역시 유성구 원내동 341-6,127,36.29832235,127.3193786
학하지구 공영,공영,대전광역시 유성구 덕명동 588,62,36.35012088,127.2982723
수통골 공영주차장,공영,대전광역시 유성구 계산동 354,177,36.34532238,127.2905214
세동 공영주차장,공영,대전광역시 유성구 세동 136,12,36.29262156,127.2736765
학하지구 공영(2),공영,대전광역시 유성구 복용동 604-1,46,36.3422138,127.3147208
학하지구 공영(3),공영,대전광역시 유성구 학하동 714-9,34,36.34183023,127.3071825
학하지구 공영(4),공영,대전광역시 유성구 학하동 721-1,40,36.34043256,127.3062871
학하지구 공영(5),공영,대전광역시 유성구 덕명동 595,30,36.34761016,127.2970655
학하지구 공영(6),공영,대전광역시 유성구 계산동 758-7,34,36.33739008,127.2998974
"삼성동 한국아파트 주변(현암로18번길, 태전로174번 안길)",공영,"대전광역시 동구 삼성동 373, 382,383번지 주변",21,36.34349379999962,127.42042210000018
삼정동구정골마을공영주차장,공영,대전광역시 동구 삼정동 70번지,10,36.32611789999962,127.47510910000005
성남동 효촌아파트 담길,공영,"대전광역시 동구 효촌A 209,210,211동 담길",45,37.05540140000023,127.05182959999944
신안동 한국철도시설공단 뒷길,공영,대전광역시 동구 신안동 262~293번지선,82,36.342140600000114,127.43071240000008
신흥동 복합상가건물 뒤,공영,대전광역시 동구 신흥동 12-8~13-5번지선,8,36.321770599999866,127.44506969999948
신흥삼거리~제1치수교,공영,대전광역시 동구 충무로길(구 신흥동사무소 앞),25,36.3240479999996,127.4333389999999
심영목재상사 앞,공영,대전광역시 동구 삼성동 296-19,17,36.33627400000026,127.4234411000001
문창시장공영주차장,공영,대전광역시 중구 문창동 116-8,61,36.31561672,127.4384886
유천시장공영주차장,공영,대전광역시 중구 유천동 211-5,53,36.31692977,127.3966599
선화동제2노외,공영,대전광역시 중구 선화동 236-8,33,36.3291468,127.4220455
대흥동제3노외,공영,대전광역시 중구 대흥동 452-30,53,36.32463693,127.4237318
대흥동제5노외,공영,대전광역시 중구 대흥동 452-74,25,36.32411911,127.4247484
태평2동제3노외,공영,대전광역시 중구 태평동 378-29,23,36.32686868,127.3940601
사정동제1노외,공영,대전광역시 중구 사정동 397,33,36.29711219,127.3840357
사정동제2노외,공영,대전광역시 중구 사정동 403,32,36.29642442,127.3852017947
안영동제1노외,공영,대전광역시 중구 안영동 71-1,48,36.28533721,127.3844931
선화동제3노외,공영,대전광역시 중구 선화동 889,22,36.32671701,127.4144851
산성시장제2노외,공영,대전광역시 중구 산성동 284-9,28,36.305887,127.3870556
산성시장제1노외,공영,대전광역시 중구 산성동 282-5,45,36.30557678,127.3880136
선화동제1노외,공영,대전광역시 중구 선화동 136-11,113,36.33230442,127.4202841
대흥동제4노외,공영,대전광역시 중구 대흥동 480,17,36.3260894865,127.4225566
둔지미길(향촌@~파랑새@),공영,대전광역시 서구 둔산동957,143,36.35635130000023,127.37443589999941
갈마2동큰마을네거리주변,공영,대전광역시 서구 갈마동1435,46,36.347694100000155,127.37614749999996
가양2동 39-9～49-23번지선,공영,대전광역시 동구 가양2동사무소 앞,76,37.05540140000023,127.05182959999944
가양2동 50-2～ 85-2번지선,공영,대전광역시 동구 가양2동사무소 맞은 편,52,36.34841109999993,127.45811190000016
가양2동 대주파크빌(아) 뒷길,공영,대전광역시 동구 가양동 151-653번지선,249,36.348529300000216,127.45032290000007
가양동 가양천 복개길,공영,대전광역시 동구 가양동 아침마을@~가양초교 맞은편,97,37.05540140000023,127.05182959999944
가양동 가양천 복개길,공영,대전광역시 동구 가양동 대전한일신협~영동올갱이해장국,89,37.05540140000023,127.05182959999944
"계족로 409, 417, 423번길",공영,"대전광역시 동구 홍도동 2-4, 74-5, 6-5, 7-8번지선",15,36.35006870000022,127.42869089999952
녹색주차마을(용운동),공영,"대전광역시 동구 용운동 390-6, 시장길, 산성3길",30,36.324754899999576,127.46400839999959
녹색주차마을(자양동),공영,"대전광역시 동구 자양동 210-11,",43,36.343325599999666,127.45126039999987
대동 보현문화회관 뒷길,공영,대전광역시 동구 자양동 207-34~205-12번지선,25,37.05540140000023,127.05182959999944
대동복개도로(대동시장길),공영,대전광역시 동구 대동복개천(새들뫼@ 앞길),10,37.05540140000023,127.05182959999944
대동복개도로(대동시장길),공영,대전광역시 동구 대동복개천(새들뫼@ 앞길),26,37.05540140000023,127.05182959999944
대전천우안8길(북부교~현암교),공영,대전광역시 동구 삼성동 312-6~330-13번지선,74,36.33771299999979,127.4241787999996
삼성동 건강보험관리공단 주변,공영,대전광역시 동구 삼성동 398-3번지 주변,33,36.33745720000016,127.42468689999984
"삼성동 검배2길, 4길, 5길",공영,"대전광역시 동구 동서대로104번길, 1520번길(삼성동 309,310,319,320번지선)",22,37.05540140000023,127.05182959999944
삼성동 동구보건소 담길,공영,대전광역시 동구 삼성동 374-1번지 옆,25,36.342849799999655,127.41999089999955
삼성동 동산교회 앞길(오정철로길),공영,대전광역시 동구 삼성동 379-1~384-14번지선,50,36.344390099999686,127.41978719999932
삼성동 삼성물류센터 주변,공영,대전광역시 동구 삼성동 395번지 주변,31,36.34274240000014,127.41573129999938
삼성동 삼성철교,공영,대전광역시 동구 삼성동 솔랑마을@ 뒤,25,37.05540140000023,127.05182959999944
삼성동 중부소방서 주변,공영,대전광역시 동구 태전로137번길(삼성동 322-4),17,36.34028839999995,127.4172354999998
월평1동이마트주변,공영,대전광역시 서구 월평동510,48,36.35773000000008,127.36195679999994
월평2동둔산선사유적지옆,공영,대전광역시 서구 월평동281,20,36.360533899999616,127.37732519999989
대전일보~월평타운구간,공영,대전광역시 서구 월평1동29-3,44,36.35319770000016,127.36054839999935
탄방동탄방역주변,공영,대전광역시 서구 탄방동667,93,36.34461419999992,127.38504100000023
계룡로 주변 노상주차장,공영,대전광역시 서구 둔산2동 1136,221,36.34653789999985,127.37907660000012
만년동서구보건소주변,공영,대전광역시 서구 만년동340,117,36.3670905999996,127.38071669999965
법원.검찰청앞갤러리아옆,공영,대전광역시 서구 둔산동1390,155,36.35468860000003,127.3863880999998
법원.검찰청연장노선,공영,대전광역시 서구 둔산동1390,80,36.35468860000003,127.3863880999998
탄방동로데오타운주변,공영,대전광역시 서구 탄방동746,57,36.34729889999988,127.38748380000013
둔산로31번길,공영,대전광역시 서구 둔산동1001,91,36.3548698000001,127.37754569999971
도시철도공사주변,공영,대전광역시 서구 월평동160-20,107,36.348537499999594,127.35174860000009
대전일보 앞,공영,대전광역시 서구 갈마동274-7,64,36.35356449999982,127.36346629999946
서구청 앞,공영,대전광역시 서구 둔산동1300,142,36.35507700000008,127.38275729999954
을지병원주변,공영,대전광역시 서구 둔산2동1306,153,36.35506819999983,127.38095269999941
월평길(월평초~월평중),공영,대전광역시 서구 월평동663,122,36.35693469999975,127.36662299999959
부사동제1노외,공영,대전광역시 중구 부사동 423-6,5,36.30885556,127.4308234
부사동제2노외,공영,대전광역시 중구 부사동 366-3,23,36.30947338,127.4354324
부사동제3노외,공영,대전광역시 중구 부사동 429-6,8,36.31077745,127.4306134
안영동제2노외,공영,대전광역시 중구 안영동 697,75,36.28529788,127.3825142
안영동제3노외,공영,대전광역시 중구 안영동 663,26,36.2905556,127.3796742632
침산동제1노외,공영,대전광역시 중구 침산동 360,176,36.28716232,127.3909063
석교동제1노외,공영,대전광역시 중구 석교동 244-7,7,36.30717787,127.4368931
대흥동제1노외,공영,대전광역시 중구 대흥동 125-1,144,36.32584044,127.4291892
으능정이상점가 고객주차장,공영,대전광역시 중구 은행동 170-8,35,36.32704845,127.4282661
오류동제1노외,공영,대전광역시 중구 오류동 175-7,7,36.32320782,127.4099592
오류동제2노외,공영,대전광역시 중구 오류동 149-3,24,36.32376733,127.4102098
관평동5공영,공영,대전광역시 유성구 관평동 1052,44,36.42395378,127.391496
메가시티주변,공영,대전광역시 유성구 노은동 554-3,22,36.36586013,127.3165493
열매마을4단지 앞,공영,대전광역시 유성구 지족동 884-4,11,36.37574996,127.3163137
봉명동 카페거리,공영,대전광역시 유성구 봉명동 648,182,36.42318294,127.3936824
관평동1공영,공영,대전광역시 유성구 관평동 1175,48,36.42320569,127.3936928
관평동2공영,공영,대전광역시 유성구 관평동 734,50,36.42895681,127.3925882
관평동3공영,공영,대전광역시 유성구 관평동 788,32,36.42687339,127.3917728
관평동4공영,공영,대전광역시 유성구 관평동 932,40,36.42507815,127.3900603
용산동공영,공영,대전광역시 유성구 용산동 624,27,36.42202516,127.3963662
송강동(프라자옆)공영,공영,대전광역시 유성구 송강동 16-1,86,36.43583938,127.3860005
송강동(GS마트앞)공영,공영,대전광역시 유성구 송강동 36-2,53,36.43441777,127.3865088
봉산동공영,공영,대전광역시 유성구 봉산동 299,50,36.44088156,127.385204
죽동공영,공영,대전광역시 유성구 죽동 598,156,36.38230621,127.3229484
반석동공영,공영,대전광역시 유성구 반석동 641,30,36.39132854,127.3144699
도룡동공영(上),공영,대전광역시 유성구 도룡동 385-1,96,36.38668292,127.3793098
도룡동공영(下),공영,대전광역시 유성구 도룡동 395-10,90,36.38468494,127.3792863
신성동 제1공영,공영,대전광역시 유성구 신성동 137-2,42,36.39026092,127.3496679
신성동 한울(아)옆,공영,대전광역시 유성구 신성동 106,22,36.39007699,127.3500981
숯골원냉면 주변,공영,대전광역시 유성구 신성동 136-4,13,36.39006225,127.3500838
신성동 첨단주유소~신성삼거리,공영,대전광역시 유성구 신성동 160-1,49,36.3872837,127.3468011
럭키하나아파트 주변,공영,대전광역시 유성구 신성동 206,14,36.38644889,127.3480569
신성동애경기술원전면,공영,대전광역시 유성구 신성동 217-2,64,36.39195956,127.3523248
주막공원~숯골길,공영,대전광역시 유성구 신성동 466,65,36.39070075,127.3480303
도덕봉가든일원,공영,대전광역시 유성구 덕명동 171-96,25,36.34554828,127.2969966
요한이네할인매장 맞은편~유진아이티 맞은편,공영,대전광역시 유성구 노은동 562-9,33,36.36349014,127.3171231
대전원예농협~대신수산,공영,대전광역시 유성구 노은동 567-3,10,36.36300258,127.3188584
유성경찰서~죽동 622,공영,대전광역시 유성구 죽동 629,43,36.37878283,127.325416
원내동 중앙장로교회 앞,공영,대전광역시 유성구 원내동 92-10,8,36.30111927,127.3197162
죽동장애인복지관~북대전세무서,공영,대전광역시 유성구 죽동 600,39,36.38140838,127.3233637
수통골 공영주차장 입구 주변,공영,대전광역시 유성구 계산동 352-8,8,36.34561624,127.2932526
길산골프연습장 앞,공영,대전광역시 유성구 원내동 761,33,36.30237065,127.3306057
유성경찰서 인근,공영,대전광역시 유성구 죽동 648,32,36.37958143,127.3266296
반석마을 2단지 207동 옆라인,공영,대전광역시 유성구 지족동 1001,35,36.38752952,127.3165942
유성성당 옆,공영,대전광역시 유성구 봉명동 568-1,12,36.35393558,127.335802
온천1동주민센터앞,공영,대전광역시 유성구 봉명동 451,8,36.35311603,127.3389679
대우이수드림월드아파트 옆,공영,대전광역시 유성구 장대동 343,34,36.36283808,127.3377415
권인순 김치찌개 앞,공영,대전광역시 유성구 노은동 517-3,78,36.36747445,127.3172113
세천5 공한지 주차장,공영,대전광역시 동구 세천동 18-21,11,36.33863110000022,127.4917343999993
세천6 공한지 주차장,공영,대전광역시 동구 세천동 35-2,10,36.34103649999981,127.49107089999967
세천7 공한지 주차장,공영,대전광역시 동구 세천동 47-11,14,36.342701799999666,127.49078909999972
세천8 공한지 주차장,공영,대전광역시 동구 세천동 76-1,9,36.34252970000025,127.49299489999979
신도시장 주차장,공영,대전광역시 동구 가양2동 39-6,30,36.34905169999977,127.44608399999936
신상동 안아감마을 공동주차장,공영,대전광역시 동구 신상동 150-1,40,36.35310030000023,127.51468559999934
신하동 마을공영주차장,공영,대전광역시 동구 신하동 343-15,15,36.362396900000284,127.50095689999982
신한은행 노외공영주차장(제2주차장),공영,대전광역시 동구 원동 51-12,58,36.3294307999999,127.4325592000001
역전시장 공영주차장,공영,대전광역시 동구 원동 31-1,48,36.327861699999815,127.43526079999985
용운시장 주차장,공영,대전광역시 동구 용운 349-4,22,37.05540140000023,127.05182959999944
용전동 제2공영주차장(BBS부지),공영,대전광역시 동구 용전동 62-21,30,36.35188280000021,127.43485559999958
용전동노외공영주차장,공영,대전광역시 동구 용전동 143-22,49,36.3484804999996,127.43325589999978
용전동주민센터옆공영주차장,공영,대전광역시 동구 용전동 28-34,17,36.357736400000114,127.4318979999993
인동물류센터주변공영주차장,공영,대전광역시 동구 인동 44-10,10,36.32002959999992,127.43729039999972
인동시장노외공영주차장,공영,대전광역시 동구 인동 30-1,31,36.32274430000029,127.43587850000019
정동 노외공영주차장,공영,대전광역시 동구 정동 3-4,44,36.33492170000007,127.43102929999978
중앙시장 공영주차빌딩 주차장(제1주차장),공영,대전광역시 동구 원동 85-1,400,36.32746620000005,127.43221009999954
중앙시장 제3공영주차장,공영,대전광역시 동구 중동93-2,53,36.33000589999993,127.43127529999946
천동 주차장,공영,대전광역시 동구 천동 513,14,36.31621370000022,127.44627749999965
판암주공5·6단지주변공영주차장,공영,대전광역시 동구 판암동 237-2,13,36.32313839999993,127.4601077999995
한약·인쇄거리 노외공영주차장,공영,"대전광역시 동구 중동 9-5, 10-16",100,36.332641300000176,127.42902940000013
대신동 하상주차장,공영,대전광역시 동구 대동천,286,36.33677369999994,127.43331579999979
아드리아호텔 앞,공영,대전광역시 유성구 봉명동 442-4,26,36.35601339,127.340832
유성호텔 앞,공영,대전광역시 유성구 봉명동 528,20,36.35414684,127.3389872
계룡스파텔 정문앞,공영,대전광역시 유성구 봉명동 539-1,58,36.35513271,127.3478811
유성우체국 옆,공영,대전광역시 유성구 봉명동 537-8,7,36.35565938,127.3436539
"장명교~경원장, 파라곤모텔앞",공영,대전광역시 유성구 봉명동 535-2,25,36.35713713,127.3419591
상수도사업본부 유성사업소 주변,공영,대전광역시 유성구 봉명동 665-6,12,36.3587336,127.3521076
농촌공사 주변,공영,대전광역시 유성구 장대동 24-2,70,36.36615237,127.3359327
장대동공영주차장주변,공영,대전광역시 유성구 장대동 263-4,44,36.36000119,127.331851
학사마을 주변,공영,대전광역시 유성구 장대동 317-3,55,36.3646569,127.3393001
월드컵패밀리타운 주변,공영,대전광역시 유성구 장대동 323-2,61,36.364521,127.3359131
장대동 364일원,공영,대전광역시 유성구 장대동 364,33,36.35935053,127.3394779
궁동 457-1일원,공영,대전광역시 유성구 궁동 457-3,122,36.36189089,127.3410834
유림공원주차장,공영,대전광역시 유성구 봉명동 496-1,50,36.36038048,127.3551748
유성구청 뒤,공영,대전광역시 유성구 어은동 109,27,36.36258889,127.3567446
유성구청~어은공원,공영,대전광역시 유성구 어은동 109,23,36.36259133,127.3567411
도룡동 우성(아)앞,공영,대전광역시 유성구 도룡동 401-3,27,36.38834118,127.3817089
대동복지센터주차장,공영,대전광역시 동구 대동 1-8,19,36.330415099999826,127.45027679999939
대동이스트시티옆 공영주차장,공영,대전광역시 동구 대동 대동 107-37,15,36.332009199999895,127.4400949999999
대성동 노외공영주차장,공영,대전광역시 동구 대성동 429,15,36.29918850000005,127.45859449999966
대전천변 노외공영주차장,공영,대전광역시 동구 중동 51-16,57,36.331979499999946,127.4274560999998
대전천주변노외공영주차장,공영,대전광역시 동구 중동 51-16,57,36.331979499999946,127.4274560999998
세천4 공한지 주차장,공영,대전광역시 동구 세천동 321-4,5,36.33300609999981,127.48460679999998
진잠우체국옆,공영,대전광역시 유성구 원내동 92-14,21,36.30105629,127.3200719
진잠우체국 앞,공영,대전광역시 유성구 원내동 93-12,8,36.30059598,127.3199535
카운티스 앞,공영,대전광역시 유성구 노은동 572,53,36.3704034,127.317291
동원수산 앞,공영,대전광역시 유성구 노은동 594,92,36.36762703,127.3182829
반석동공영주변,공영,대전광역시 유성구 반석동 641,46,36.39130229,127.3144842
송강청솔@~송강@,공영,대전광역시 유성구 봉산동 295,26,36.43825732,127.3824562
유성장로교회앞,공영,대전광역시 유성구 구암동 590-21,24,36.3545368,127.3313405
유성고등학교 주변,공영,대전광역시 유성구 구암동 611-31,8,36.34971868,127.3368407
성원상떼빌 주변,공영,대전광역시 유성구 장대동 376-2,36,36.35834383,127.3401439
계룡스파텔 옆,공영,대전광역시 유성구 봉명동 539-1,29,36.35513271,127.3478811
청주해장국 앞,공영,대전광역시 유성구 봉명동 535-7,9,36.35606304,127.3417545
유성우체국 앞,공영,대전광역시 유성구 봉명동 536-8,21,36.35581805,127.3430064
홍도동 시영아파트 주변,공영,"대전광역시 동구 동산1길, 흑정골길, 동산5길",20,37.05540140000023,127.05182959999944
"홍도동 평화로운@, 대호빌라 주변",공영,대전광역시 동구 홍도동 89-92번지선,23,36.346489000000126,127.4211137999994
"홍도빌라 주변(흑정골길, 3길, 6길)",공영,대전광역시 동구 홍도동 175-15~139-11번지선,27,36.344051100000016,127.42345539999995
가양동 노외공영주차장,공영,대전광역시 동구 가양동 435-16,19,36.34563939999997,127.44306269999969
가양동체육센터앞주차장,공영,대전광역시 동구 가양동 709-2,18,36.33947039999976,127.43731459999994
낭월동 공한지 주차장,공영,대전광역시 동구 낭월동 584,12,36.27864869999961,127.4676852999996
대동공영주차장,공영,대전광역시 동구 대동 25-15,11,36.330572299999616,127.44911899999975
용운동 일반통행길(하행길),공영,대전광역시 동구 용운동 447-6~489-7번지선,21,36.328140099999594,127.45262339999944
용운동 일방통행길(상행길),공영,대전광역시 동구 용운동 487~451-18,38,36.32612170000013,127.44391000000013
용운동 주공저층아파트 담길,공영,대전광역시 동구 용운동282-277번지선,45,36.3280353999996,127.45218640000012
우송대학교 서 캠퍼스 후문,공영,대전광역시 동구 자양동 308-9~321-10번지선,26,37.05540140000023,127.05182959999944
원동중동 천변 노상,공영,"대전광역시 동구 원동 85-61번지선, 중동 47-26번지선",62,36.327521599999905,127.41736439999924
자양동 동아아파트 담길,공영,"대전광역시 동구 동아@ 102,103,105동 담길",37,36.335582399999915,127.44611239999992
자양동 쌍용주유소 뒷길,공영,대전광역시 동구 자양동 193-10～197-15번지선,45,36.34183660000008,127.44995479999972
자양동 우송대학교 동 캠퍼스 담길,공영,대전광역시 동구 자양동 98-17~97-3번지선,30,36.33539269999986,127.4516695999996
판암1동 주공(아) 207-208동 담길,공영,대전광역시 동구 판암2차주공@ 담길,22,37.05540140000023,127.05182959999944
판암1동 주공(아) 209동 담길,공영,대전광역시 동구 판암2차주공@ 담길,13,37.05540140000023,127.05182959999944
판암1동 주공(아) 211동 담길,공영,대전광역시 동구 판암2차주공@ 담길,26,37.05540140000023,127.05182959999944
판암2동 판암면옥 옆길,공영,대전광역시 동구 판암동503-2~507-2번지선,14,36.31923180000009,127.45203539999929
판암IC옆(개심사 가는 방향),공영,대전광역시 동구 판암1동 218-2번지선,25,36.31827639999987,127.46431230000003
판암동 복개도로 위(삼성전자 판매장 뒤),공영,대전광역시 동구 판암2동 598,12,36.3188486999997,127.45114499999934
판암동 신영유통 앞,공영,대전광역시 동구 판암동174-1,4,36.317337099999676,127.46646229999999
합내길(구 가양1동사무소 앞),공영,대전광역시 동구 가양1동 446-34~530-2번지선,78,36.34756059999978,127.43984939999937
"현암1,8,10,11길(삼성동 343번지 주변)",공영,"대전광역시 동구 삼성동 342, 343, 344, 355번지",26,36.34165559999977,127.41591619999987
홍도동 경성3차@~청룡@ 주변,공영,대전광역시 동구 홍도동 64-1~57-5번지 주변,33,36.34595730000017,127.42854530000005
홍도동 동산어린이공원 주변,공영,대전광역시 동구 홍도동 111-1번지,37,36.347486599999876,127.42045299999957
홍도동 시영(아) 1동 옆,공영,대전광역시 동구 홍도동 137-3~137-3번지선,15,36.345152499999855,127.4205521999997
홍도동 시영(아) 3동 담길,공영,대전광역시 동구 홍도동 135-2번지선,10,36.34581890000007,127.42062810000013
월평1동이마트주변,공영,대전광역시 서구 월평동 510,48,36.35770196,127.3629207
월평2동둔산선사유적지옆,공영,대전광역시 서구 월평동281,15,36.36095306,127.3789367
대전일보~월평타운구간,공영,대전광역시 서구 월평동29-3,44,36.35318043,127.3608016
탄방동탄방역주변,공영,대전광역시 서구 탄방동667,93,36.34462122,127.3855677
만년동서구보건소주변,공영,대전광역시 서구 만년동340,116,36.36708849,127.3810828
법원.검찰청앞갤러리아옆,공영,대전광역시 서구 둔산동1390,139,36.35445934,127.3876875
법원.검찰청연장노선,공영,대전광역시 서구 둔산동 1390,75,36.35449244,127.3892768
탄방동로데오타운주변,공영,대전광역시 서구 탄방동 746,53,36.34732705,127.387976
둔산로31번길,공영,대전광역시 서구 둔산동1001,91,36.35486894,127.3778061
도시철도공사주변,공영,대전광역시 서구 월평동160-20,107,36.34828249,127.352659
대전일보 앞,공영,대전광역시 서구 갈마동274-7,64,36.353418,127.3639298
서구청 앞,공영,대전광역시 서구 둔산동 1300,142,36.35505601,127.3833576
을지병원주변,공영,대전광역시 서구 둔산동1306,153,36.35530056,127.381988
월평길(월평초~월평중),공영,대전광역시 서구 월평동663,122,36.3566482,127.3674693
둔지미길(향촌@~파랑새@),공영,대전광역시 서구 둔산동 957,143,36.35638892,127.3746125
용운동 도리어린이공원 주변,공영,대전광역시 동구 용운동 284번지 주변,19,36.329452799999764,127.46085509999978
용운동 모리아파트 담길,공영,대전광역시 동구 용운동 319-1번지 앞,9,36.323102399999875,127.46168129999982
"용운동 삼정하이츠, 문충사 주변",공영,"대전광역시 동구 용운동 363, 356-1번지선",41,36.32633510000005,127.45583119999974
용운동 선량마을 노상주차장,공영,대전광역시 동구 용운동 54,5,36.336672799999796,127.46505029999997
호동제3노상,공영,대전광역시 중구 호동 17-9,92,36.304750799999645,127.44771399999945
갈마2동큰마을네거리주변,공영,대전광역시 서구 갈마동1435,45,36.34765243,127.376635
계룡로 주변 노상주차장,공영,대전광역시 서구 둔산동1136,219,36.3462951,127.3795337
호동제2노상,공영,대전광역시 중구 호동 23-1,55,36.30311140000027,127.44877689999976
대사동제4노외,공영,대전광역시 중구 대사동 233-38,9,36.3167683999996,127.42063919999968
대사동제5노외,공영,대전광역시 중구 대사동 233-191,11,36.31693109999988,127.42074169999965
선화동제4노외,공영,대전광역시 중구 선화동 381-108번지일원,49,36.324664900000016,127.41649599999928
문화동제8노외,공영,대전광역시 중구 문화동 571-14,10,36.30729920000022,127.3990663
벌말지구 주차장,공영,대전광역시 대덕구 미호동 220-6,18,36.4672054917,127.4708973
중리미래공영주차장,공영,대전광역시 대덕구 중리동 363-23,51,36.3656212,127.4244456
용호동주차장,공영,대전광역시 대덕구 용호동 177-1,8,36.436075701,127.4509039142
삼정동 제1공영주차장,공영,대전광역시 대덕구 삼정동 310-1,11,36.4500112782,127.4668463
중리행복길①공영주차장,공영,대전광역시 대덕구 중리동 196-10,34,36.3607014176,127.4288143
중리행복길②공영주차장,공영,대전광역시 대덕구 중리동 197-17,15,36.360553,127.427937
중리만남공영주차장,공영,대전광역시 대덕구 중리동 180-1,21,36.36149254,127.4305618
비래동 제2공영주차장,공영,대전광역시 대덕구 비래동 412-2,31,36.3662118803,127.4474970771
중리구봉공영주차장,공영,대전광역시 대덕구 중리동 164-5,30,36.361489,127.427061564
용호마을테마먹거리촌공영주차장,공영,대전광역시 대덕구 용호동 44-2,47,36.4483128,127.4512963186
한촌공원 주차장,공영,대전광역시 대덕구 중리동 223-1,50,36.3571560421,127.421785933
비래동로 31번길 공영주차장,공영,대전광역시 대덕구 비래동 128-4,10,36.3566123568,127.4497836684
비래동로 23번길 공영주차장,공영,대전광역시 대덕구 비래동 128-10,26,36.356673,127.4490228824
회덕동 공영주차장,공영,대전광역시 대덕구 읍내동 247-3,66,36.3767305,127.4217681
산디마을 공영주차장,공영,대전광역시 대덕구 장동 670,7,36.3952939,127.4424192
석봉과선교 철도주변 공영주차장,공영,대전광역시 대덕구 석봉동 387-3,15,36.4465709636,127.428665822
새뜸마을안길 공영주차장,공영,대전광역시 대덕구 장동 783,7,36.4028775168,127.4359917
장동욕골지구 공영주차장,공영,대전광역시 대덕구 장동 367-4,91,36.4140307,127.4380339464
대화동 두레 주차장,공영,대전광역시 대덕구 대화동 16-25,6,36.3634035,127.417612
신탄진역앞공영주차장,공영,대전광역시 대덕구 신탄진동 140-25,41,36.4504164055,127.4297235
산중골주차장,공영,대전광역시 대덕구 읍내동 11-1,89,36.3782574602,127.4314525
신대지구 제1공영주차장,공영,대전광역시 대덕구 신대동 357-5,15,36.3977378,127.4205356
신대지구 제2공영주차장,공영,대전광역시 대덕구 신대동 238-1,14,36.3982007868,127.4187870064
비래동공영주차장,공영,대전광역시 대덕구 비래동 143-7,25,36.354602,127.4525444018
대덕산업단지주차장,공영,대전광역시 대덕구 문평동 80-1,111,36.4461062049,127.4035878
이현동주차장,공영,대전광역시 대덕구 이현동 190,15,36.4137390151,127.4660133613
남경지구 제1공영주차장,공영,대전광역시 대덕구 신탄진동 266-15,16,36.4435272113,127.431785475
남경지구 제2공영주차장,공영,대전광역시 대덕구 신탄진동 295-128,16,36.4428146,127.4304232416
남경지구 제3공영주차장,공영,대전광역시 대덕구 신탄진동 295-137,12,36.4429067,127.4314271042
송촌도서관 주차장,공영,대전광역시 대덕구 송촌동 165,39,36.360082,127.4401573
선화교 하상주차장(삼성동),공영,대전광역시 동구 대전천,70,36.25752069999965,127.4730349000001
소제동 하상주차장,공영,대전광역시 동구 대동천,210,36.33677369999994,127.43331579999979
신흥동 제1치수교 하상주차장,공영,대전광역시 동구 대동천,51,36.33677369999994,127.43331579999979
동춘당로94번길 노상주차장,공영,대전광역시 대덕구 송촌동 525,55,36.3676139407,127.4378139512
비래동로노상공영주차장,공영,대전광역시 대덕구 비래동 140-5,60,36.3549079867,127.4500228
계족산로81번길 노상주차장,공영,대전광역시 대덕구 송촌동 534,58,36.3652487348,127.4387394196
동춘당생애길①공영주차장,공영,대전광역시 대덕구 중리동 507-1,29,36.3613055276,127.4320468
동춘당생애길②공영주차장,공영,대전광역시 대덕구 중리동 506,257,36.3613055276,127.4320468
중리정려각공영주자장,공영,대전광역시 대덕구 중리동 498-2,40,36.3629023,127.4363864
송촌공영주차장,공영,대전광역시 대덕구 송촌동 478-1,47,36.3636408,127.4399312
송촌먹자골목공영주차장,공영,대전광역시 대덕구 송촌동 458,76,36.3654744,127.4377262
송촌주민센터공영주차장,공영,대전광역시 대덕구 송촌동 460-1,36,36.3670091897,127.4382045
읍내어울림공영주차장,공영,대전광역시 대덕구 읍내동 575-5,35,36.3763015,127.4277683
송촌소리공영주차장,공영,대전광역시 대덕구 송촌동 448-1,24,36.36731791,127.4364683
송촌대양공영주차장,공영,대전광역시 대덕구 송촌동 487-1,29,36.362229,127.439054
송촌진가쟁이공영주차장,공영,대전광역시 대덕구 송촌동 505-2,55,36.3628019,127.4451812
법동생활체육공영주차장,공영,대전광역시 대덕구 법동 440-1,34,36.3749852,127.4283643274
대흥동제11노상,공영,대전광역시 중구 대흥동 172-4,17,36.32348779999968,127.42790499999964
태평2동제2노상,공영,대전광역시 중구 태평동 414-22,62,36.3256533,127.3903261
태평2동제1노상,공영,대전광역시 중구 태평동 365-4,43,36.32938362,127.3962203
삼정동 제1공영주차장,공영,대전광역시 대덕구 삼정동 310-1,11,36.45001037,127.4668463
중리행복길①공영주차장,공영,대전광역시 대덕구 중리동 196-10,34,36.360762,127.4288059
중리행복길②공영주차장,공영,대전광역시 대덕구 중리동 197-17,15,36.360553,127.4279318
중리만남공영주차장,공영,대전광역시 대덕구 중리동 180-1,21,36.36149254,127.4305618
비래동 제2공영주차장,공영,대전광역시 대덕구 비래동 412-2,31,36.36621624,127.4474996
중리구봉공영주차장,공영,대전광역시 대덕구 중리동 164-5,30,36.361489,127.4270616
용호마을테마먹거리촌공영주차장,공영,대전광역시 대덕구 용호동 44-2,47,36.44832071,127.4512973
한촌공원 주차장,공영,대전광역시 대덕구 중리동 223-1,50,36.35715496,127.4217853
비래동로 31번길 공영주차장,공영,대전광역시 대덕구 비래동 128-4,10,36.35661308,127.4497824
비래동로 23번길 공영주차장,공영,대전광역시 대덕구 비래동 128-10,26,36.356673,127.4490253
회덕동 공영주차장,공영,대전광역시 대덕구 읍내동 247-3,66,36.3767305,127.4217681
산디마을 공영주차장,공영,대전광역시 대덕구 장동 670,7,36.3952939,127.4424192
석봉과선교 철도주변 공영주차장,공영,대전광역시 대덕구 석봉동 387-3,15,36.44657096,127.428621
새뜸마을안길 공영주차장,공영,대전광역시 대덕구 장동 783,7,36.40287276,127.4359382
장동욕골지구 공영주차장,공영,대전광역시 대덕구 장동 367-4,91,36.4140307,127.438006
신탄진역앞공영주차장,공영,대전광역시 대덕구 신탄진동 140-25,41,36.45041533,127.4297186
산중골주차장,공영,대전광역시 대덕구 읍내동 11-1,4,36.37825836,127.4314387
신대지구 제1공영주차장,공영,대전광역시 대덕구 신대동 357-5,15,36.3977378,127.4205356
신대지구 제2공영주차장,공영,대전광역시 대덕구 신대동 238-1,14,36.39820079,127.4187879
비래동공영주차장,공영,대전광역시 대덕구 비래동 143-7,25,36.354602,127.4525433
대덕산업단지주차장,공영,대전광역시 대덕구 문평동 80-1,111,36.44610531,127.4035766
남경지구 제1공영주차장,공영,대전광역시 대덕구 신탄진동 266-15,16,36.44350713,127.4317855
남경지구 제2공영주차장,공영,대전광역시 대덕구 신탄진동 295-128,16,36.4428146,127.4304192
남경지구 제3공영주차장,공영,대전광역시 대덕구 신탄진동 295-137,12,36.4429067,127.4314286
송촌도서관 주차장,공영,대전광역시 대덕구 송촌동 165,39,36.360082,127.4401573
벌말지구 주차장,공영,대전광역시 대덕구 미호동 220-6,18,36.46720558,127.4708289
중리미래공영주차장,공영,대전광역시 대덕구 중리동 363-23,50,36.36564901,127.4244429
용호동주차장,공영,대전광역시 대덕구 용호동 177-1,8,36.436087,127.4509039
동춘당생애길①공영주차장,공영,대전광역시 대덕구 중리동 507-1,27,36.36130697,127.4320404
동춘당생애길②공영주차장,공영,대전광역시 대덕구 중리동 506,172,36.36130697,127.4320404
중리정려각공영주자장,공영,대전광역시 대덕구 중리동 498-2,42,36.36293133,127.4363814
송촌공영주차장,공영,대전광역시 대덕구 송촌동 478-1,93,36.36366454,127.4399154
송촌먹자골목공영주차장,공영,대전광역시 대덕구 송촌동 458,173,36.36549657,127.4377195
송촌주민센터공영주차장,공영,대전광역시 대덕구 송촌동 460-1,72,36.36700874,127.4382093
읍내어울림공영주차장,공영,대전광역시 대덕구 읍내동 575-5,35,36.37632865,127.4277639
송촌소리공영주차장,공영,대전광역시 대덕구 송촌동 448-1,24,36.36731791,127.4364683
송촌대양공영주차장,공영,대전광역시 대덕구 송촌동 487-1,29,36.36225469,127.439054
송촌진가쟁이공영주차장,공영,대전광역시 대덕구 송촌동 505-2,54,36.36283038,127.4451787
법동생활체육공영주차장,공영,대전광역시 대덕구 법동 440-1,34,36.37496754,127.428366
사정동제3노상,공영,대전광역시 중구 사정동 350-1,17,36.296549900000095,127.39003529999958
산성동제11노상,공영,대전광역시 중구 산성동 104-42,9,36.3111742,127.39433190000013
산성동제12노상,공영,대전광역시 중구 산성동 161-4,14,36.30787709999971,127.38868259999956
안영동제2노상,공영,대전광역시 중구 안영동 687-2,21,36.287415999999766,127.3811969999994
유천2동제8노상,공영,대전광역시 중구 유천동 171번지 일원,110,36.315454499999696,127.39849660000006
은행동제2노상,공영,대전광역시 중구 은행동 24-8,8,36.33093939999962,127.42316489999973
중촌동제1노상,공영,대전광역시 중구 중촌동 16-1(현대@111106동),75,36.33805739999995,127.40891519999936
중촌동제2노상,공영,대전광역시 중구 중촌동 16-10,16,36.33790889999964,127.40908489999946
중촌동제3노상,공영,대전광역시 중구 중촌동 405-3,18,36.33613499999963,127.41257990000017
중촌동제4노상,공영,대전광역시 중구 중촌동 382-1,120,36.33871310000014,127.41498749999985
중촌동제5노상,공영,대전광역시 중구 중촌동 14-1,11,36.337907999999615,127.41321739999941
중촌동제6노상,공영,대전광역시 중구 중촌동 14-1,23,36.337907999999615,127.41321739999941
중촌동제7노상,공영,대전광역시 중구 중촌동 102-1,19,36.33895009999984,127.41222729999973
중촌동제8노상,공영,대전광역시 중구 중촌동 25-7 일원,49,36.34256450000018,127.41007319999991
중촌동제9노상,공영,대전광역시 중구 중촌동 16-1 (현대@112113동),44,36.33805739999995,127.40891519999936
태평1동제1노상,공영,대전광역시 중구 태평동 278-14,72,36.32452379999978,127.40094329999984
태평1동제2노상,공영,대전광역시 중구 태평동 281-12,21,36.32403640000019,127.40174010000017
태평1동제3노상,공영,대전광역시 중구 태평동 278-1,25,36.3257088999996,127.40135029999936
태평1동제4노상,공영,대전광역시 중구 태평동 262-47,20,36.32721689999959,127.40082549999998
태평1동제5노상,공영,대전광역시 중구 태평동 255-6,14,36.32898670000027,127.40020569999992
태평1동제6노상,공영,대전광역시 중구 태평동 253-1,49,36.33159500000021,127.39693409999974
태평2동제1노상,공영,대전광역시 중구 태평동 365-4,39,36.329393500000066,127.39593169999948
태평2동제2노상,공영,대전광역시 중구 태평동 414-22,62,36.32561719999985,127.38998610000003
태평2동거주자우선주차장,공영,대전광역시 중구 태평동 368번지 일원,361,36.32861229999994,127.39329139999984
태평동 강변4안길,공영,대전광역시 중구 태평동 364-8번지 일원,79,36.32958660000003,127.39342559999928
호동제1노상,공영,대전광역시 중구 호동 247-2,59,36.30553809999964,127.44503149999991
선화동제1노상,공영,대전광역시 중구 선화동 139,37,36.33123030000017,127.4197243999995
선화동제2노상,공영,대전광역시 중구 선화동 243-1,37,36.3303434999997,127.42071639999978
선화동제3노상,공영,대전광역시 중구 선화동 287-2,55,36.32676930000011,127.41821379999945
문화1동제1노상,공영,대전광역시 중구 문화동 1-21,28,36.3221819999998,127.41334789999989
문화1동제2노상,공영,대전광역시 중구 문화동 1-39,24,36.32094659999986,127.40951419999949
문화1동제3노상,공영,대전광역시 중구 문화동 1-30,28,36.32096809999991,127.41250059999945
대흥동제1노상,공영,대전광역시 중구 대흥동 418-1,21,36.32516880000029,127.42512359999957
문화1동제6노상,공영,대전광역시 중구 문화동 19-1,16,36.31362929999976,127.41226079999936
산성동 원당디1길,공영,대전광역시 중구 산성동 168-8,18,36.30846119999989,127.38539279999966
석교동 아래돌다리11길,공영,대전광역시 중구 석교동 58-11,12,36.31023090000006,127.44285819999938
석교동제2노외,공영,"대전광역시 중구 석교동12-10, 12",18,36.3098844999996,127.44225689999952
대사동제3노외,공영,대전광역시 중구 대사동 142-14,21,36.31502620000008,127.42378189999955
유천1동제4노상,공영,대전광역시 중구 유천동 307-1,20,36.31807339999982,127.39331879999943
석교동제4노상,공영,대전광역시 중구 석교동 6-6,2,36.30999290000014,127.4392221999996
충무로(650m),공영,대전광역시 중구 대사동 97-16,18,36.31753870000007,127.42603549999997
선화동제4노상,공영,대전광역시 중구 선화동 226,34,36.32799770000024,127.42228649999983
오류동제2노상,공영,대전광역시 중구 오류동 175-1,51,36.32369749999984,127.40375839999955
오류동제3노상,공영,대전광역시 중구 오류동 175-1,18,36.32369749999984,127.40375839999955
오류동제4노상,공영,대전광역시 중구 오류동 175-1,24,36.32369749999984,127.40375839999955
대흥로(360m),공영,대전광역시 중구 대흥동 508-14,27,36.32395089999976,127.42058020000022
충무로(650m),공영,대전광역시 중구 부사동 87-14,47,36.3197840999997,127.43128509999937
동서로(70m),공영,대전광역시 중구 태평동 335-14,11,36.326687600000135,127.39697909999985
평촌로(350m),공영,대전광역시 중구 유천동 196,29,36.32187869999965,127.39627309999986
유천로(850m),공영,대전광역시 중구 유천동 185-1,68,36.31823200000022,127.39759709999977
용두동제2노상,공영,대전광역시 중구 용두동 144-7,50,36.33180599999993,127.40434429999996
용두동제3노상,공영,대전광역시 중구 용두동 141-11,33,36.33100990000022,127.40522319999941
용두동 제4노상,공영,대전광역시 중구 용두동 160-1,19,36.33358460000016,127.40083750000008
용두동 제5노상,공영,대전광역시 중구 용두동 160-1,9,36.33358460000016,127.40083750000008
유천1동제1노상,공영,대전광역시 중구 유천동 272-36,33,36.31299629999957,127.39725900000012
유천1동제2노상,공영,대전광역시 중구 유천동 297-21,72,36.31499399999985,127.39498529999933
유천1동 제3노상,공영,대전광역시 중구 유천동 332-28,104,36.314961899999844,127.39116909999993
유천2동제1노상,공영,대전광역시 중구 유천동 142-14,102,36.31377339999992,127.40161480000012
유천2동제3노상,공영,대전광역시 중구 유천동 141-1,35,36.31496199999962,127.40236219999996
유천2동제4노상,공영,대전광역시 중구 유천동 137-1,29,36.31655099999957,127.40243719999988
유천2동제5노상,공영,대전광역시 중구 유천동 297-21,41,36.31499399999985,127.39498529999933
유천2동제6노상,공영,대전광역시 중구 유천동 272-1,68,36.313589799999775,127.3967370999996
유천2동제7노상,공영,대전광역시 중구 유천동 200번지 일원,39,36.32199280000012,127.39798269999932
선화동제9노상,공영,대전광역시 중구 선화동 157-1,70,36.33488679999987,127.41449269999934
안영동제1노상,공영,대전광역시 중구 안영동 650,21,36.291736299999734,127.37972949999974
"안영동 창명2길, 4길",공영,대전광역시 중구 안영동 694,14,36.28650870000022,127.3789101999998
안영동 성산3길,공영,대전광역시 중구 안영동 650,11,36.291736299999734,127.37972949999974
오류동제1노상,공영,대전광역시 중구 오류동 116-3,21,36.32397239999973,127.4024349999997
오류동제6노상,공영,대전광역시 중구 오류동 184-34,10,36.32712160000001,127.40355069999988
오류동제7노상,공영,대전광역시 중구 오류동 186-36,8,36.326869499999816,127.40411320000014
오류동제8노상,공영,대전광역시 중구 오류동 168-7,10,36.321031599999706,127.4053284999996
오류동제9노상,공영,대전광역시 중구 오류동 190-17,17,36.329022899999885,127.40172189999954
옥계동제1노상,공영,대전광역시 중구 옥계동 201,7,36.29633579999992,127.45413599999965
옥계동제2노상,공영,대전광역시 중구 옥계동 47-23,59,36.299030399999744,127.45307009999999
옥계동제3노상,공영,대전광역시 중구 옥계동 149-14,14,36.29703149999956,127.45566979999984
옥계동제4노상,공영,대전광역시 중구 옥계동 27-8,42,36.300453499999584,127.44997429999998
용두동제1노상,공영,대전광역시 중구 용두동 27-13,54,36.32640630000014,127.40848629999937
중앙시장 제3공영주차장,공영,대전광역시 동구 중동 93-2,53,36.33015952,127.431466
천동 주차장,공영,대전광역시 동구 천동 513,14,36.31619595,127.446539
선화교 하상주차장(삼성동 삼성빌라맨션앞),공영,대전광역시 동구 삼성동 448-4,70,36.33476369,127.4242191
신흥초~제1치수교 하상주차장,공영,대전광역시 동구 신흥동 206-3,51,36.3221879,127.4439629
인동시장노외공영주차장,공영,대전광역시 동구 인동 30-1,31,36.32275269,127.436145
정동 노외공영주차장,공영,대전광역시 동구 정동 3-4,44,36.33491322,127.4313293
용운시장 주차장,공영,대전광역시 동구 용운동 349-4,22,36.32718065,127.4606901
용전동 제2공영주차장(BBS부지),공영,대전광역시 동구 용전동 232,30,36.35348041,127.4358163
용전동주민센터옆공영주차장,공영,대전광역시 동구 용전동 28-34,17,36.35768948,127.432148
대동복지센터주차장,공영,대전광역시 동구 대동 1-842,19,36.33039612,127.4506836
대동이스트시티옆 공영주차장,공영,대전광역시 동구 신흥동 258,15,36.32696603,127.4407116
대성동 노외공영주차장,공영,대전광역시 동구 대성동 419,15,36.29951728,127.4595185
대전천주변노외공영주차장,공영,대전광역시 동구 중동 51-16,57,36.331979499999946,127.4274560999998
세천4 공한지 주차장,공영,대전광역시 동구 세천동 321-4,5,36.33306946,127.4848769
세천5 공한지 주차장,공영,대전광역시 동구 세천동 18-21,11,36.33869794,127.4919802
세천6 공한지 주차장,공영,대전광역시 동구 세천동 35-2,10,36.34100791,127.4913323
목동제2노외,공영,대전광역시 중구 목동 131-10,51,36.32893928,127.4099207
태평시장공영주차장,공영,대전광역시 중구 태평동 333-8,120,36.3259447,127.397699
대사동제6노외,공영,대전광역시 중구 대사동 129-6,68,36.316668,127.424859
대사동제7노외,공영,대전광역시 중구 대사동 203-5,34,36.3137673,127.4223326
선화동제5노외,공영,대전광역시 중구 선화동 367-2,37,36.3280732,127.4186346
산성동제3노외,공영,대전광역시 중구 산성동 164-15,21,36.3078283361,127.3869401
용두동제2노외,공영,대전광역시 중구 용두동 34-26,13,36.3272584303,127.4078469
석교동제3노외,공영,대전광역시 중구 석교동 34-26,10,36.30724824,127.4418674
호동제1노외,공영,대전광역시 중구 호동 17-12,6,36.3040151486,127.4482490529
유천동제1노외,공영,대전광역시 중구 유천동 276-18,28,36.312927514,127.3951988
문창시장제2공영주자창,공영,대전광역시 중구 문창동 122-9,42,36.31553812,127.436165
대사동제4노외,공영,대전광역시 중구 대사동 233-38,9,36.31678122,127.4208903
대사동제5노외,공영,대전광역시 중구 대사동 233-191,11,36.3169709,127.4209979
선화동제4노외,공영,대전광역시 중구 선화동 381-108,49,36.32465605,127.4167534
문화2동제1노외,공영,대전광역시 중구 문화동 571-14,34,36.30726836,127.3991626
부사시장공영주차장,공영,대전광역시 중구 부사동 150-1,32,36.31391761,127.4350412
부사동제4노외,공영,대전광역시 중구 부사동 133-2,9,36.3143023,127.4333122057
안영동제4노외,공영,대전광역시 중구 안영동 71-7,247,36.28533721,127.3844931
오류동제3노외,공영,대전광역시 중구 대사동 197-6,10,36.31047717,127.4195651
석교동제2노외,공영,대전광역시 중구 석교동 12-10,17,36.30986902,127.4425659
대사동제3노외,공영,대전광역시 중구 대사동 142-14,21,36.31094828,127.4189042
산성동제5노상,공영,대전광역시 중구 산성동 36-1번지 일원,79,36.308465899999675,127.38951079999978
산성동제6노상,공영,대전광역시 중구 산성동 321번지 일원,31,36.3059382000003,127.39073869999937
산성동잔디1길,공영,대전광역시 중구 산성동 120-15,17,36.30327459999993,127.38211119999956
산성동제7노상,공영,대전광역시 중구 산성동 275-1,32,36.302452699999975,127.38777609999961
산성동 제8노상,공영,대전광역시 중구 산성동 147-31,37,36.311298799999804,127.39027050000018
산성동 제9노상,공영,대전광역시 중구 산성동 145-4,11,36.31176669999999,127.38913269999952
산성동 제10노상,공영,대전광역시 중구 산성동 64-48,6,36.30810169999994,127.39446459999986
석교동제1노상,공영,대전광역시 중구 석교동 84-15,17,36.30759369999983,127.4474263999999
석교동제2노상,공영,대전광역시 중구 석교동 9-1,20,36.30961109999972,127.44117929999932
석교동제3노상,공영,대전광역시 중구 석교동 12-4,44,36.30971709999989,127.44215539999965
선화동제5노상,공영,대전광역시 중구 선화동 287-2,20,36.32676930000011,127.41821379999945
선화동제6노상,공영,대전광역시 중구 선화동 120-5,30,36.33524240000002,127.41756789999945
선화동제7노상,공영,대전광역시 중구 선화동 151-1,16,36.33318750000002,127.41732819999984
선화동제1노외,공영,대전광역시 중구 선화동136-11,113,36.33230190000006,127.42003480000002
대흥동제4노외,공영,대전광역시 중구 대흥동 480,23,36.3261082999998,127.4222925999999
중촌동제1노외,공영,대전광역시 중구 중촌동 404-2,32,36.33659330000004,127.41260190000018
부사시장공영주차장,공영,대전광역시 중구 부사동 150-1,24,36.31382190000012,127.43492949999985
부사동제4노외,공영,대전광역시 중구 부사동 133-2,10,36.314322299999766,127.4330431999997
유등천제2하상,공영,대전광역시 중구 안영동 71-7,272,36.28535119999968,127.38365499999966
부사동사득4길,공영,대전광역시 중구 부사동 364-67,12,36.31014810000003,127.43628789999991
부사동소라티1길,공영,대전광역시 중구 부사동 300-8,9,36.311985099999745,127.43256099999935
사정동제1노상,공영,대전광역시 중구 사정동 439-14,22,36.3000001000002,127.38525789999974
오류동제3노외,공영,대전광역시 중구 대사동 197-6,10,36.31079499999968,127.41910259999928
사정동제2노상,공영,대전광역시 중구 사정동 431-1,9,36.29848950000006,127.38585599999935
산성동제1노상,공영,대전광역시 중구 산성동 37-1,148,36.30877629999998,127.39147809999945
산성동제2노상,공영,대전광역시 중구 산성동 145-40,16,36.310882799999845,127.3891103999999
산성동제3노상,공영,대전광역시 중구 산성동 78-5,46,36.30693059999983,127.38397359999996
산성동제4노상,공영,대전광역시 중구 산성동 136-95,19,36.31237429999963,127.39094449999934
대흥동제4노상,공영,대전광역시 중구 대흥동 496-1,22,36.32681199999998,127.42200810000018
대흥동제5노상,공영,대전광역시 중구 대흥동452-96,19,36.32363099999963,127.42371889999973
대흥동제9노상,공영,대전광역시 중구 대흥동 114-1,23,36.32501859999979,127.43086990000008
대흥동제10노상,공영,대전광역시 중구 대흥동 499-1,23,36.32550360000007,127.42026549999977
문창동제1노상,공영,대전광역시 중구 부사동 126-2,14,36.31561450000015,127.43391829999977
문창동제2노상,공영,대전광역시 중구 문창동 53-33,28,36.32155790000006,127.43384100000011
문창동제3노상,공영,대전광역시 중구 문창동 367-29,250,36.314829600000095,127.43846539999988
학하지구 공영(14),공영,대전광역시 유성구 복용동 569-1,21,36.34380310000016,127.30989529999937
대사동제2노상,공영,대전광역시 중구 대사동 172,12,36.3140574999996,127.42659469999953
대사동제1노상,공영,대전광역시 중구 대사동 248-219,25,36.32053389999962,127.41621209999964
대사동제3노상,공영,대전광역시 중구 대사동 95-16,14,36.31681999999996,127.42628199999928
대사동제4노상,공영,대전광역시 중구 대사동 77-39,33,36.318366600000175,127.42749800000011
원내동공영,공영,대전광역시 유성구 원내동 213-5~6,34,36.299698899999896,127.31223459999924
원내동공영,공영,대전광역시 유성구 원내동 341-6,127,36.29831710000013,127.31884430000018
학하지구 공영,공영,대전광역시 유성구 덕명동 588,62,36.35003519999988,127.29780880000001
수통골 공영주차장,공영,대전광역시 유성구 계산동 354,177,36.345369800000235,127.28932519999996
세동 공영주차장,공영,대전광역시 유성구 세동 136,12,36.29260159999985,127.2733342999993
학하지구 공영(2),공영,대전광역시 유성구 복용동 604-1,46,36.34221380000021,127.31418949999967
학하지구 공영(3),공영,대전광역시 유성구 학하동 714-9,34,36.34186070000002,127.30695509999963
학하지구 공영(4),공영,대전광역시 유성구 학하동 721-1,40,36.34038320000029,127.30601590000012
학하지구 공영(5),공영,대전광역시 유성구 덕명동 595,30,36.34767220000022,127.29663110000008
학하지구 공영(6),공영,대전광역시 유성구 계산동 758-7,34,36.337346800000255,127.29963899999956
학하지구 공영(7),공영,대전광역시 유성구 학하동 747-1,46,36.3389948999997,127.31003189999987
학하지구 공영(8),공영,대전광역시 유성구 학하동 778-2,45,36.33723459999978,127.31185109999943
학하지구 공영(9),공영,대전광역시 유성구 학하동 731-1,22,36.33875110000017,127.30650490000012
학하지구 공영(10),공영,대전광역시 유성구 학하동 716-6,34,36.341102399999954,127.3087775999999
학하지구 공영(11),공영,대전광역시 유성구 학하동 721-12,39,36.33963730000009,127.30782069999935
학하지구 공영(12),공영,대전광역시 유성구 계산동 717-3,20,36.34269910000002,127.2987102
학하지구 공영(13),공영,대전광역시 유성구 복용동 585-1,22,36.34330469999994,127.31184909999924
홍도동 동산어린이공원 주변,공영,대전광역시 동구 홍도동 111-1,37,36.34731727,127.4209012
홍도동 시영(아) 1동 옆,공영,대전광역시 동구 홍도동 135-1,15,36.34571712,127.4209599
홍도동 시영(아) 3동 담길,공영,대전광역시 동구 홍도동 135-2,10,36.34582192,127.4212169
홍도동 시영아파트 주변,공영,대전광역시 동구 홍도동 136-45,20,36.34558287,127.4200296
"홍도동 평화로운@, 대호빌라 주변",공영,대전광역시 동구 홍도동 89-46,23,36.34896131,127.4274186
"홍도빌라 주변(흑정골길, 3길, 6길)",공영,대전광역시 동구 홍도동 142-3,27,36.34460781,127.4225826
가양동 노외공영주차장,공영,대전광역시 동구 가양동 435-16,19,36.34565328,127.4434456
대동공영주차장,공영,대전광역시 동구 대동 24-23,11,36.33058727,127.4492814
신도시장 주차장,공영,대전광역시 동구 가양동 39-6,30,36.34917344,127.4464207
신한은행 노외공영주차장(제2주차장),공영,대전광역시 동구 원동 51-12,58,36.32957338,127.4328648
역전시장 공영주차장,공영,대전광역시 동구 원동 406-2,48,36.32953053,127.4334249
용전동노외공영주차장,공영,대전광역시 동구 용전동 145-2,49,36.3484307,127.4333715
세천7 공한지 주차장,공영,대전광역시 동구 세천동 32-9,14,36.34173127,127.4911211
세천8 공한지 주차장,공영,대전광역시 동구 세천동 76-1,9,36.34254059,127.4932452
신상동 안아감마을 공동주차장,공영,대전광역시 동구 신상동 150-1,40,36.35312234,127.5157716
신하동 마을공영주차장,공영,대전광역시 동구 신하동 343-15,15,36.36236129,127.5012231
홍도동 경성3차@~청룡@ 주변,공영,대전광역시 동구 홍도동 13-11,33,36.34650898,127.4295679
가양동체육센터앞주차장,공영,대전광역시 동구 가양동 709-1,18,36.33930476,127.4378744
낭월동 공한지 주차장,공영,대전광역시 동구 낭월동 584,12,36.27864868,127.4679419
"용운동 삼정하이츠, 문충사 주변",공영,대전광역시 동구 용운동 538,41,36.32667241,127.4587269
우송대학교 서 캠퍼스 후문,공영,대전광역시 동구 자양동 147-11,26,36.33700667,127.4466708
원동중동 천변 노상,공영,대전광역시 동구 중동 47-52,62,36.33267309,127.4266419
자양동 쌍용주유소 뒷길,공영,대전광역시 동구 자양동 345,45,36.34106397,127.4500364
자양동 우송대학교 동 캠퍼스 담길,공영,대전광역시 동구 자양동 98-17,30,36.33530979,127.4520705
판암1동 주공(아) 211동 담길,공영,대전광역시 동구 판암동 717,26,36.317635400000206,127.46018409999995
판암IC옆(개심사 가는 방향),공영,대전광역시 동구 판암동 3,25,36.31818137,127.4666987
판암동 복개도로 위(삼성전자 판매장 뒤),공영,대전광역시 동구 판암동 570,12,36.32098682,127.4508292
"삼성동 한국아파트 주변(현암로18번길, 태전로174번 안길)",공영,대전광역시 동구 삼성동 383-4,21,36.34352237,127.4182839
삼정동구정골마을공영주차장,공영,대전광역시 동구 삼정동 70,10,36.32613962,127.4753458
성남동 효촌아파트 담길,공영,대전광역시 동구 성남동 216-25,45,36.34622594,127.4357162
신흥삼거리~제1치수교,공영,대전광역시 동구 신흥동 7,25,36.32268947,127.4440077
용운동 도리어린이공원 주변,공영,대전광역시 동구 용운동 284-1,19,36.32945337,127.4613736
용운동 모리아파트 담길,공영,대전광역시 동구 용운동 319-3,9,36.32303629,127.461761
대동복개도로(대동시장길),공영,대전광역시 동구 대동 156,26,36.32871773,127.4419215
삼성동 삼성철교,공영,대전광역시 동구 삼성동 473,25,36.34360991,127.4230321
가양2동 39-9～49-23번지선,공영,대전광역시 동구 가양동 39-9,76,36.3487402,127.4464829
가양2동 대주파크빌(아) 뒷길,공영,대전광역시 동구 가양동 650-9,249,36.34369048,127.4474463
가양동 가양천 복개길,공영,대전광역시 동구 가양동 705,97,36.34042382,127.4411662
가양동 가양천 복개길,공영,대전광역시 동구 가양동 436-10,89,36.34405384,127.4424328
"계족로 409, 417, 423번길",공영,대전광역시 동구 홍도동 4-3,15,36.34957916,127.4316525
녹색주차마을(용운동),공영,대전광역시 동구 용운동 390-6,30,36.32477514,127.4642553
녹색주차마을(자양동),공영,대전광역시 동구 자양동 210-11,43,36.34333403,127.4515285
대동 보현문화회관 뒷길,공영,대전광역시 동구 대동 207-13,25,36.33160105,127.441407
대동복개도로(대동시장길),공영,대전광역시 동구 대동 114-1,10,36.32768915,127.4433939
대전천우안8길(북부교~현암교),공영,대전광역시 동구 삼성동 312-6,74,36.33770537,127.4244605
삼성동 건강보험관리공단 주변,공영,대전광역시 동구 삼성동 332-3,33,36.34018796,127.4198058
"삼성동 검배2길, 4길, 5길",공영,대전광역시 동구 삼성동 309-1,22,36.33933262,127.4254223
삼성동 동구보건소 담길,공영,대전광역시 동구 삼성동 374-1,25,36.34298597,127.4204612
삼성동 동산교회 앞길(오정철로길),공영,대전광역시 동구 삼성동 379-1,50,36.34447053,127.4200639
삼성동 삼성물류센터 주변,공영,대전광역시 동구 삼성동 395-9,31,36.34246615,127.4159097
신안동 한국철도시설공단 뒷길,공영,대전광역시 동구 신안동 263-6,82,36.32998157,127.4370379
신흥동 복합상가건물 뒤,공영,대전광역시 동구 신흥동 11-3,8,36.32186358,127.4451471
심영목재상사 앞,공영,대전광역시 동구 삼성동 296-1,17,36.33942403,127.4295259
용운동 주공저층아파트 담길,공영,대전광역시 동구 용운동 282-10,45,36.32833412,127.4617505
자양동 동아아파트 담길,공영,대전광역시 동구 자양동 200-11,37,36.3415008,127.4508956
판암1동 주공(아) 207-208동 담길,공영,대전광역시 동구 판암동 202,22,36.31717451,127.4624685
판암1동 주공(아) 209동 담길,공영,대전광역시 동구 판암동 202,13,36.31717451,127.4624685
판암2동 판암면옥 옆길,공영,대전광역시 동구 판암동 498-21,14,36.31886407,127.4520092
판암동 신영유통 앞,공영,대전광역시 동구 판암동 174-2,4,36.31731135,127.4666341
합내길(구 가양1동사무소 앞),공영,대전광역시 동구 가양동 446-34,78,36.34756523,127.4401233
"현암1,8,10,11길(삼성동 343번지 주변)",공영,대전광역시 동구 삼성동 342-4,26,36.34119665,127.4150092
덕명지구 공영(2),공영,대전광역시 유성구 구암동 657,19,36.36048040000005,127.30787609999943
덕명지구 공영(3),공영,대전광역시 유성구 구암동 677,17,36.358610600000006,127.3090548999999
덕명지구 공영(4),공영,대전광역시 유성구 덕명동 544,29,36.35677309999983,127.3100653999995
덕명지구 공영(5),공영,대전광역시 유성구 덕명동 545,53,36.356027000000076,127.30999139999967
덕명지구 공영(6),공영,대전광역시 유성구 덕명동 530,21,36.35783479999997,127.30652650000012
장대동 공영,공영,대전광역시 유성구 장대동 263-2,144,36.360096199999916,127.33143640000002
궁동공영,공영,대전광역시 유성구 궁동 428-2,194,36.36096089999972,127.35151089999974
전민동주민센터공영,공영,대전광역시 유성구 전민동 300-4,60,36.39983140000007,127.39863629999948
전민동 제1공영,공영,대전광역시 유성구 전민동 332-4,38,36.398584599999715,127.40314889999989
전민동 제2공영,공영,대전광역시 유성구 전민동 346-3,28,36.398692999999994,127.40086159999981
교촌동공영,공영,대전광역시 유성구 교촌동 636-1,23,36.30263459999997,127.31455709999953
원내동 중앙장로교회 앞,공영,대전광역시 유성구 원내동 92-3~10,8,36.300975700000045,127.31854879999955
죽동장애인복지관~북대전세무서,공영,대전광역시 유성구 죽동 600~죽동 597-1,39,36.381373499999626,127.32289499999969
수통골 공영주차장 입구 주변,공영,대전광역시 유성구 계산동 352-8,8,36.345602000000035,127.29101619999966
관평동1공영,공영,대전광역시 유성구 관평동 1175,48,36.42318719999961,127.39341729999992
관평동2공영,공영,대전광역시 유성구 관평동 734,50,36.428956799999604,127.39232669999957
관평동3공영,공영,대전광역시 유성구 관평동 788,32,36.426860799999815,127.39151059999989
관평동4공영,공영,대전광역시 유성구 관평동 932,40,36.42507820000016,127.38979879999935
관평동5공영,공영,대전광역시 유성구 관평동 1052,44,36.42397489999992,127.3909886999994
용산동공영,공영,대전광역시 유성구 용산동 624,27,36.42202510000023,127.3961046999994
송강동(프라자옆)공영,공영,대전광역시 유성구 송강동 16-1,98,36.435772300000224,127.3854365999997
송강동(굿모닝마트앞)공영,공영,대전광역시 유성구 송강동 36-2,59,36.434392700000025,127.38612279999985
봉산동공영,공영,대전광역시 유성구 봉산동 299,50,36.4408836,127.3846810000001
죽동공영,공영,대전광역시 유성구 죽동 598,65,36.38230639999959,127.32242539999945
반석동공영,공영,대전광역시 유성구 반석동 641,30,36.391298400000125,127.31421799999978
도룡동공영(上),공영,대전광역시 유성구 도룡동 385-1,96,36.38668919999985,127.37878719999952
도룡동공영(下),공영,대전광역시 유성구 도룡동 395-10,90,36.38466279999997,127.37876349999982
신성동 제1공영,공영,대전광역시 유성구 신성동 137-2외4필지,42,36.39026089999964,127.34940639999952
신성동 제2공영,공영,대전광역시 유성구 신성동 211-2외7필지,70,36.388519899999636,127.34860159999941
덕명지구 공영(1),공영,대전광역시 유성구 덕명동 544,30,36.35677309999983,127.3100653999995
신성동 한울(아)옆,공영,대전광역시 유성구 신성동 106 주변,27,36.38653450000019,127.35343870000018
숯골원냉면 주변,공영,대전광역시 유성구 신성동 136-4일원,10,36.390079399999614,127.34983239999973
신성동 첨단주유소~신성삼거리,공영,대전광역시 유성구 신성동 160-1일원(시간제주차),48,36.386130800000196,127.34510799999975
럭키하나아파트 주변,공영,대전광역시 유성구 신성동 206일원,15,36.38740519999985,127.34672739999984
신성동애경기술원전면,공영,대전광역시 유성구 신성동 217-2일원,69,36.39157029999977,127.35051799999982
주막공원~숯골길,공영,대전광역시 유성구 신성동 466,53,36.39071979999976,127.34719119999957
도덕봉가든일원,공영,대전광역시 유성구 덕명동 171-96번지 일원,28,36.345661000000234,127.29625869999981
요한이네할인매장 맞은편~유진아이티 맞은편,공영,대전광역시 유성구 노은동 562-9 일원,20,36.36350229999968,127.31686719999969
강남동태찜~청명공인중개사 맞은편,공영,대전광역시 유성구 지족동 884-1 일원,16,36.37575049999984,127.31518889999967
대전원예농협~대신수산,공영,대전광역시 유성구 노은동 567-3 일원,10,36.3628683000002,127.31805929999992
유성경찰서~죽동 622,공영,대전광역시 유성구 죽동 622~629,43,37.05540140000023,127.05182959999944
엑스포코아 앞,공영,대전광역시 유성구 전민동 466-3,15,36.39998379999997,127.40471319999949
도룡동 우성(아)앞,공영,대전광역시 유성구 도룡동 401-3일원,27,36.3883752000002,127.37879369999963
인동물류센터주변공영주차장,공영,대전광역시 동구 인동 44-2,10,36.32028226,127.4374648
중앙시장 공영주차빌딩 주차장(제1주차장),공영,대전광역시 동구 원동 85-1,400,36.32741824,127.4327468
판암주공5·6단지주변공영주차장,공영,대전광역시 동구 판암동 237-2,13,36.32316128,127.4603154
도심형산업지원플랫폼주차장,공영,대전광역시 동구 중동 10-16,194,36.33244062,127.4290461
신안동 320~신흥초 하상주차장,공영,대전광역시 동구 대동 248-1,57,36.33002999,127.4406617
가제교~신안동 320 하상주차장,공영,대전광역시 동구 소제동 299-453,275,36.3342683,127.4389258
궁동공영 주변,공영,대전광역시 유성구 궁동 428-2 봉암공원~궁동공영입구,5,36.36096089999972,127.35151089999974
유성IC만남의광장,공영,대전광역시 유성구 장대동 240-43,158,36.363670299999605,127.32734340000016
궁동 457-1일원,공영,대전광역시 유성구 궁동 457-3일원,38,36.361913900000246,127.3408222000001
한국시스템공학센터울타리,공영,대전광역시 유성구 어은동 52,16,36.37699839999965,127.35570329999973
로히트~가을햇살,공영,대전광역시 유성구 어은동 104-17~104-9,2,36.36141800000012,127.35094979999961
유성구청 뒤,공영,대전광역시 유성구 어은동 109,28,36.362081899999644,127.35537689999968
유성구청~어은공원,공영,대전광역시 유성구 어은동 109~108,22,37.05540140000023,127.05182959999944
전민동 458-13일원,공영,대전광역시 유성구 전민동 458-13일원,57,36.396542400000094,127.40180819999996
유천2동제6노상,공영,대전광역시 중구 유천동 272-1,68,36.31360908,127.396991
은행동제2노상,공영,대전광역시 중구 은행동 24-8,8,36.33098666,127.4238228
중촌동제1노상,공영,대전광역시 중구 중촌동 16-1,70,36.33861226,127.4109113
중촌동제2노상,공영,대전광역시 중구 중촌동 16-10,16,36.3378398,127.4096161
중촌동제3노상,공영,대전광역시 중구 중촌동 405-3,18,36.33612296,127.4128149
중촌동제4노상,공영,대전광역시 중구 중촌동 382-1,120,36.33855904,127.4159804
중촌동제5노상,공영,대전광역시 중구 중촌동 14-1,11,36.33842277,127.4147891
중촌동제6노상,공영,대전광역시 중구 중촌동 14-1,23,36.33842277,127.4147891
중촌동제7노상,공영,대전광역시 중구 중촌동 102-1,19,36.33901906,127.4126086
중촌동제8노상,공영,대전광역시 중구 중촌동 25-7,49,36.34254883,127.4103435
중촌동제9노상,공영,대전광역시 중구 중촌동 16-1,40,36.33861226,127.4109113
태평1동제1노상,공영,대전광역시 중구 태평동 278-14,70,36.32443408,127.4011119
태평1동제2노상,공영,대전광역시 중구 태평동 281-12,21,36.32403193,127.4020094
태평1동제3노상,공영,대전광역시 중구 태평동 278-1,25,36.32570773,127.4016161
태평1동제5노상,공영,대전광역시 중구 태평동 255-6,14,36.32896935,127.4004663
태평1동제6노상,공영,대전광역시 중구 태평동 253-1,49,36.33232854,127.3981832
옥계동제3노상,공영,대전광역시 중구 옥계동 149-14,14,36.29708055,127.4559055
옥계동제4노상,공영,대전광역시 중구 옥계동 27-8,42,36.30046116,127.4502407
용두동제1노상,공영,대전광역시 중구 용두동 27-13,50,36.32680851,127.4111889
용두동제2노상,공영,대전광역시 중구 용두동 144-7,50,36.33181963,127.4046013
용두동제3노상,공영,대전광역시 중구 용두동 141-11,31,36.33101961,127.4054666
용두동 제4노상,공영,대전광역시 중구 용두동 160-1,19,36.33363551,127.4013659
용두동 제5노상,공영,대전광역시 중구 용두동 160-1,8,36.33363551,127.4013659
유천1동제2노상,공영,대전광역시 중구 유천동 297-21,72,36.31501653,127.3953088
유천1동제3노상,공영,대전광역시 중구 유천동 335-23,104,36.31437729,127.3912946
유천2동제1노상,공영,대전광역시 중구 유천동 142-14,102,36.31377283,127.4018983
유천2동제3노상,공영,대전광역시 중구 유천동 141-1,35,36.31495743,127.402597
유천2동제4노상,공영,대전광역시 중구 유천동 137-1,29,36.31653954,127.402704
유천2동제5노상,공영,대전광역시 중구 유천동 297-21,41,36.31501653,127.3953088
오류동제9노상,공영,대전광역시 중구 오류동 190-17,17,36.32902555,127.4019800458
옥계동제1노상,공영,대전광역시 중구 옥계동 201,7,36.29647966,127.454621
옥계동제2노상,공영,대전광역시 중구 옥계동 47-23,59,36.29903653,127.4533302
오류동제1노상,공영,대전광역시 중구 오류동 116-3,17,36.32400372,127.403482
오류동제6노상,공영,대전광역시 중구 오류동 184-34,7,36.32712348,127.4038104
오류동제7노상,공영,대전광역시 중구 오류동 186-36,8,36.32687563,127.4043787
오류동제8노상,공영,대전광역시 중구 오류동 168-7,7,36.32097663,127.4058346
청주해장국 앞,공영,대전광역시 유성구 봉명동 535-7~535-8,9,36.35580049999955,127.33742399999934
유성우체국 앞,공영,대전광역시 유성구 봉명동 536-8~538-7,21,36.35579610000029,127.34227009999994
아드리아호텔 앞,공영,대전광역시 유성구 봉명동 442-4~442-19,26,36.356040999999585,127.34038840000017
유성호텔 앞,공영,대전광역시 유성구 봉명동 528,20,36.35414619999991,127.3369247999994
계룡스파텔 앞,공영,대전광역시 유성구 봉명동 539-1,60,36.355759699999574,127.3453620000001
"장명교~경원장, 파라곤모텔앞",공영,대전광역시 유성구 봉명동 535-2 장명교옆,26,36.35714540000009,127.34165459999977
상수도사업본부 유성사업소 주변,공영,대전광역시 유성구 봉명동 665-6일원,20,36.35869620000026,127.35184079999964
농촌공사 주변,공영,대전광역시 유성구 장대동 24-2일원,74,36.36645210000017,127.33515079999998
장대동공영주차장주변,공영,대전광역시 유성구 장대동 263-4일원,36,36.3598005,127.33167640000009
학사마을 주변,공영,대전광역시 유성구 장대동 317-3일원,118,36.36471010000023,127.33902470000014
월드컵패밀리타운 주변,공영,대전광역시 유성구 장대동 323-2일원,40,36.36363779999998,127.33407039999956
장대동 364일원,공영,대전광역시 유성구 장대동 364일원,53,36.359351899999744,127.33913330000011
진잠우체국옆,공영,대전광역시 유성구 원내동 92-14 세븐일레븐~신대산식당,18,36.30103289999977,127.3198197
진잠우체국 앞,공영,대전광역시 유성구 원내동 93-12 일원(진잠우체국~진잠도서관),25,36.300647300000065,127.31966759999953
카운티스 앞,공영,대전광역시 유성구 노은동 572일원,52,36.37040520000025,127.31412679999944
동원수산 앞,공영,대전광역시 유성구 노은동 594일원,64,36.36762789999965,127.31823539999968
반석동공영주변,공영,대전광역시 유성구 반석동 641 반석동공영~행복한교회,46,36.391298400000125,127.31421799999978
송강청솔@~송강@,공영,대전광역시 유성구 봉산동 295,25,36.43905190000013,127.38090040000003
유성장로교회앞,공영,대전광역시 유성구 구암동 80-3~586-9,42,36.354659499999634,127.33043190000002
유성고등학교 주변,공영,대전광역시 유성구 구암동 611-31일원,16,36.34974129999986,127.33626519999962
성원상떼빌 주변,공영,대전광역시 유성구 장대동 376-2일원,45,36.35830159999978,127.33957770000004
계룡스파텔 옆,공영,대전광역시 유성구 봉명동 539-1,33,36.355759699999574,127.3453620000001
문화1동제4노외,공영,대전광역시 중구 문화동 259-6,14,36.31358989,127.4114792
목동제1노외,공영,대전광역시 중구 목동 1-123,33,36.33438828,127.4124509
문화1동제1노외,공영,대전광역시 중구 문화동 44-2,45,36.30772838,127.4108213
문화1동제2노외,공영,대전광역시 중구 문화동 114-1,42,36.30864957,127.4111884
문화1동제3노외,공영,대전광역시 중구 문화동 263-10,8,36.31381508,127.4114552
문화1동제5노외,공영,대전광역시 중구 문화동 231-11,5,36.31294008,127.4112948
문화1동제6노외,공영,대전광역시 중구 문화동 11-223,11,36.31352927,127.4146879
문화1동제7노외,공영,대전광역시 중구 문화동 13-9,22,36.3148502,127.4143978
문화1동제6노상,공영,대전광역시 중구 문화동 19-1,16,36.31374695,127.4134246
산성동제14노상,공영,대전광역시 중구 산성동 168-8,18,36.3084665,127.3856466
석교동제5노상,공영,대전광역시 중구 석교동 58-11,12,36.30976768,127.4432856
유천1동제4노상,공영,대전광역시 중구 유천동 307-1,20,36.31809379,127.3934231
석교동제4노상,공영,대전광역시 중구 석교동 6-6,2,36.30996836,127.4395552
사정동제3노상,공영,대전광역시 중구 사정동 350-1,17,36.29663206,127.3904884
산성동제11노상,공영,대전광역시 중구 산성동 104-42,9,36.31119411,127.394592
산성동제12노상,공영,대전광역시 중구 산성동 161-4,14,36.30794957,127.3889332
안영동제2노상,공영,대전광역시 중구 안영동 687-2,20,36.28739026,127.3814071
대흥동제11노상,공영,대전광역시 중구 대흥동 172-4,13,36.32350212,127.4281443
은행동제3노상,공영,대전광역시 중구 은행동 330,18,36.32928165,127.4272111
대사동제5노상,공영,대전광역시 중구 대사동 122-2,14,36.3153616,127.424938
대사동제6노상,공영,대전광역시 중구 대사동 147-2,22,36.3147292054,127.4242467163
대흥동제12노상,공영,대전광역시 중구 대흥동 106-49,19,36.3194293969,127.4281664174
호동제4노상,공영,대전광역시 중구 호동 137-2,6,36.2993219875,127.4409496008
대흥동제6노외,공영,대전광역시 중구 대흥동 326-34,25,36.31997162,127.4205669
대사동제1노외,공영,대전광역시 중구 대사동 197,93,36.31139953,127.4199756
대사동제2노외,공영,대전광역시 중구 대사동 197-6,70,36.31047717,127.4195651
용두동제1노외,공영,대전광역시 중구 용두동 31-1,42,36.32616718,127.409629
태평2동제1노외,공영,대전광역시 중구 태평동 510-165,22,36.31705207,127.3868389
태평2동제2노외,공영,대전광역시 중구 태평동 423-22,3,36.31705207,127.3868389
태평2동제4노상,공영,대전광역시 중구 태평동 364-8,79,36.32958603,127.3937095
호동제1노상,공영,대전광역시 중구 호동 351-6,59,36.3052896517,127.4455044853
호동제2노상,공영,대전광역시 중구 호동 23-1,37,36.30307095,127.449074
호동제3노상,공영,대전광역시 중구 호동 17-9,94,36.30474742,127.4479673
대사동시간제,공영,대전광역시 중구 대사동 97-16,16,36.31753418,127.4262992
선화동제4노상,공영,대전광역시 중구 선화동 226,30,36.32794622,127.4228704
오류동제2노상,공영,대전광역시 중구 오류동 175-1,53,36.32526739,127.406635
오류동제3노상,공영,대전광역시 중구 오류동 175-1,20,36.32526739,127.406635
오류동제4노상,공영,대전광역시 중구 오류동 175-1,24,36.32526739,127.406635
대흥동시간제,공영,대전광역시 중구 대흥동 508-14,26,36.32394828,127.4208398
부사동시간제,공영,대전광역시 중구 부사동 87-14,47,36.31981529,127.4317576
태평동시간제,공영,대전광역시 중구 태평동 335-14,9,36.32669184,127.3972404
유천2동제1시간제,공영,대전광역시 중구 유천동 196,47,36.32190918,127.3966211
유천2동제2시간제,공영,대전광역시 중구 유천동 185-1,72,36.31822927,127.3978785
선화동제1노상,공영,대전광역시 중구 선화동 139,38,36.33106318,127.4200678
선화동제2노상,공영,대전광역시 중구 선화동 243-1,37,36.33033724,127.4210001
선화동제3노상,공영,대전광역시 중구 선화동 287-2,52,36.32677115,127.4207316
문화1동제1노상,공영,대전광역시 중구 문화동 1-21,38,36.32253927,127.4146817
문화1동제2노상,공영,대전광역시 중구 문화동 1-39,22,36.32092858,127.4119235
문화1동제3노상,공영,대전광역시 중구 문화동 1-30,28,36.32109597,127.4135315
대흥동제1노상,공영,대전광역시 중구 대흥동 418-1,21,36.32525301,127.4255734
태평2동제3노상,공영,대전광역시 중구 태평동 368,154,36.3285686,127.3949125
산성동제13노상,공영,대전광역시 중구 산성동 120-15,15,36.30342557,127.3827292
산성동제7노상,공영,대전광역시 중구 산성동 275-1,32,36.30244065,127.388296
산성동 제8노상,공영,대전광역시 중구 산성동 147-31,36,36.31129641,127.3904698
산성동 제9노상,공영,대전광역시 중구 산성동 145-4,11,36.31176845,127.3893938
산성동 제10노상,공영,대전광역시 중구 산성동 64-48,6,36.30808528,127.3947383
석교동제1노상,공영,대전광역시 중구 석교동 84-15,17,36.3075822,127.4476717
석교동제2노상,공영,대전광역시 중구 석교동 9-1,20,36.30961984,127.4413979
석교동제3노상,공영,대전광역시 중구 석교동 12-4,46,36.30970496,127.4424094
선화동제5노상,공영,대전광역시 중구 선화동 287-2,19,36.32677115,127.4207316
선화동제6노상,공영,대전광역시 중구 선화동 120-5,30,36.33532208,127.4181814
선화동제7노상,공영,대전광역시 중구 선화동 151-1,16,36.3329134,127.4188053
안영동제1노상,공영,대전광역시 중구 안영동 650,21,36.29206098,127.3797727
안영동제3노상,공영,대전광역시 중구 안영동 694,14,36.28658038,127.3795899
안영동제4노상,공영,대전광역시 중구 안영동 650,10,36.29125932,127.379876
문화1동제11노상,공영,대전광역시 중구 문화동 339-37,17,36.31653307,127.4043535
문화1동제12노상,공영,대전광역시 중구 문화동 1-48,7,36.31946021,127.407981
문화2동제1노상,공영,대전광역시 중구 유천동 141-20,45,36.3138967,127.4022589
문화2동제2노상,공영,대전광역시 중구 문화동 671-10,15,36.3108995,127.399076
문화2동제3노상,공영,대전광역시 중구 문화동 374-16,30,36.31407452,127.404205
문화2동제4노상,공영,대전광역시 중구 문화동 475-1,37,36.30967208,127.4022519
문화2동제5노상,공영,대전광역시 중구 문화동 493-1,72,36.3078604,127.4039467
부사동제1노상,공영,대전광역시 중구 부사동 87-14,24,36.31981529,127.4317576
부사동제2노상,공영,대전광역시 중구 부사동 209-1,41,36.317337,127.4280138
부사동제3노상,공영,대전광역시 중구 부사동 166-1,36,36.31074589,127.4370255
부사동제4노상,공영,대전광역시 중구 부사동 209-72,36,36.3156536,127.428417
부사동제5노상,공영,대전광역시 중구 부사동 364-67,10,36.31014369,127.4365663
부사동제6노상,공영,대전광역시 중구 부사동 300-8,9,36.31198026,127.4328328
사정동제1노상,공영,대전광역시 중구 사정동 439-14,22,36.30011182,127.3864591
사정동제2노상,공영,대전광역시 중구 사정동 431-1,9,36.29850744,127.3860409
산성동제1노상,공영,대전광역시 중구 산성동 37-1,145,36.30853607,127.3926533
산성동제2노상,공영,대전광역시 중구 산성동 145-40,14,36.31089095,127.3893707
산성동제3노상,공영,대전광역시 중구 산성동 78-5,43,36.30673286,127.3848196
산성동제4노상,공영,대전광역시 중구 산성동 136-95,19,36.31239267,127.3911974
산성동제5노상,공영,대전광역시 중구 산성동 36-1,84,36.30867591,127.3908175
산성동제6노상,공영,대전광역시 중구 산성동 321,30,36.30636934,127.3923831
대사동제2노상,공영,대전광역시 중구 대사동 172,12,36.31384778,127.4273945
대사동제1노상,공영,대전광역시 중구 대사동 248-219,25,36.3203416,127.4174708
대사동제3노상,공영,대전광역시 중구 대사동 95-16,14,36.31672534,127.4268123
대사동제4노상,공영,대전광역시 중구 대사동 77-70,33,36.31840289,127.4277929
대흥동제4노상,공영,대전광역시 중구 대흥동 496-1,22,36.32670915,127.422546
대흥동제5노상,공영,대전광역시 중구 대흥동 452-96,19,36.32364497,127.4239688
대흥동제9노상,공영,대전광역시 중구 대흥동 104-5,4,36.32515636,127.4316426
대흥동제10노상,공영,대전광역시 중구 대흥동 499-1,20,36.32557502,127.4212953
문창동제1노상,공영,대전광역시 중구 부사동 126-2,14,36.31559562,127.4344674
문창동제2노상,공영,대전광역시 중구 문창동 53-33,20,36.32156075,127.4341062
문창동제3노상,공영,대전광역시 중구 문창동 367-29,230,36.31482503,127.4387359
문창동제4노상,공영,대전광역시 중구 문창동 107-11,22,36.31674597,127.4354095
문창동제5노상,공영,대전광역시 중구 문창동 361-2,24,36.31444362,127.4373166
문창동제6노상,공영,대전광역시 중구 문창동 381-1,46,36.31353717,127.4377474
문창동제7노상,공영,대전광역시 중구 문창동 123-23,30,36.31618537,127.435948
문창동제8노상,공영,대전광역시 중구 문창동 116-15,8,36.31620835,127.437921
문화1동제5노상,공영,대전광역시 중구 문화동 263-9,12,36.31402901,127.4116531
문화1동제7노상,공영,대전광역시 중구 문화동 12-7,50,36.31446813,127.4142413
문화1동제8노상,공영,대전광역시 중구 문화동 147-4,33,36.30939039,127.4103359
문화1동제9노상,공영,대전광역시 중구 문화동 418-1,41,36.3130288,127.4056914
문화1동제10노상,공영,대전광역시 중구 문화동 354-14,5,36.31625932,127.4055676
오류동제2노외,공영,대전광역시 중구 오류동 149-3,24,36.32376979999966,127.4100913999996
문창시장공영주차장,공영,대전광역시 중구 문창동 116-8,56,36.315624600000284,127.43804979999966
유천시장공영주차장,공영,대전광역시 중구 유천동 211-5,53,36.316879099999845,127.39665789999934
태평시장공영주차장,공영,대전광역시 중구 태평동 333-8,49,36.325888599999736,127.39738619999986
선화동제2노외,공영,대전광역시 중구 선화동 236-8,32,36.32918759999988,127.42186020000008
대흥동제3노외,공영,대전광역시 중구 대흥동 452-30,48,36.32465340000017,127.42337669999928
대흥동제5노외,공영,대전광역시 중구 대흥동 452-74,25,36.32411489999996,127.4244911999994
태평2동제3노외,공영,대전광역시 중구 태평동 378-29,23,36.326867099999774,127.39379719999945
사정동제1공영,공영,대전광역시 중구 사정동 397,32,36.297110199999835,127.38377330000002
사정동제2공영,공영,대전광역시 중구 사정동 403,34,36.29642350000011,127.38498409999957
안영동제1노외,공영,대전광역시 중구 안영동 71-1,45,36.2860101999996,127.38189749999938
선화동제3노외,공영,대전광역시 중구 선화동 889,22,36.325713100000165,127.41447589999974
산성동제2노외,공영,대전광역시 중구 산성동 284-9,29,36.305906000000164,127.3867701999995
산성시장공영주차장,공영,대전광역시 중구 산성동 282-5,45,36.30562679999979,127.38779330000014
용두동제1노외,공영,대전광역시 중구 용두동 31-1,30,36.32622240000001,127.40909679999999
태평2동제1노외,공영,대전광역시 중구 태평동 510-165,19,36.31685119999985,127.38599520000008
태평2동제2노외,공영,대전광역시 중구 태평동 423-22,5,36.316073599999946,127.38659839999966
목동제1노외,공영,대전광역시 중구 목동 1-123,26,36.33438749999972,127.41218799999963
문화동제1노외,공영,대전광역시 중구 문화동 44-2,47,36.30772719999981,127.41054099999997
문화동제2노외,공영,대전광역시 중구 문화동 114-1,43,36.308661600000114,127.41098599999992
문화동제3노외,공영,대전광역시 중구 문화동 263-10,14,36.31381870000021,127.41119209999945
문화동제4노외,공영,대전광역시 중구 문화동 259-6,9,36.31359329999994,127.41121709999973
문화동제5노외,공영,대전광역시 중구 문화동 231-11,5,36.312944499999894,127.41102879999987
문화동제6노외,공영,대전광역시 중구 문화동 11-223,10,36.31370369999963,127.4141107000001
문화동제7노외,공영,대전광역시 중구 문화동 13-9,22,36.31476729999966,127.41400250000012
부사동제1노외,공영,대전광역시 중구 부사동 423-6,5,36.30889290000013,127.43022729999991
부사동제2노외,공영,대전광역시 중구 부사동 366-3,23,36.309477800000074,127.43476249999952
부사동제3노외,공영,대전광역시 중구 부사동 429-6,8,36.31078020000029,127.43036440000004
산성동제1노외,공영,대전광역시 중구 산성동 273-8,5,36.301881099999726,127.38646469999983
안영동제2노외,공영,대전광역시 중구 안영동 697,77,36.28529879999967,127.38198700000007
안영동제3노외,공영,대전광역시 중구 안영동 663,28,36.29055679999963,127.37941329999964
침산동제1노외,공영,대전광역시 중구 침산동 360,187,36.28769200000005,127.38976789999994
석교동제1노외,공영,대전광역시 중구 석교동 244-7,7,36.3071760000002,127.43662839999978
대흥동제1노외,공영,대전광역시 중구 대흥동 125-1,144,36.32584219999987,127.42865639999981
으능정이상점가 고객주차장,공영,대전광역시 중구 은행동 170-8,35,36.32721699999958,127.42802920000003
오류동제1노외,공영,대전광역시 중구 오류동 175-7,7,36.3232102,127.40969809999986
문창동제7노상,공영,대전광역시 중구 문창동 123-23,31,36.316155400000085,127.43540899999954
문창동제8노상,공영,대전광역시 중구 문창동 116-15,8,36.31619279999961,127.43766659999939
문화1동제5노상,공영,대전광역시 중구 문화동 263-9,12,36.31410980000026,127.41141619999958
문화1동제7노상,공영,대전광역시 중구 문화동 12-7,52,36.3144692000001,127.41397659999933
문화1동제8노상,공영,대전광역시 중구 문화동 375-5,6,36.31464579999992,127.40302359999987
문화1동제9노상,공영,대전광역시 중구 문화동 418-1,41,36.31306789999962,127.40425689999991
문화1동제10노상,공영,대전광역시 중구 문화동 354-14,5,36.31636539999982,127.4052277999998
문화1동제11노상,공영,대전광역시 중구 문화동 339-37,17,36.31656240000006,127.40412779999954
문화1동제12노상,공영,대전광역시 중구 문화동 1-48,8,36.318401700000145,127.40766859999954
문화2동제1노상,공영,대전광역시 중구 문화동 141-20,45,37.05540140000023,127.05182959999944
문화2동제2노상,공영,대전광역시 중구 문화동 671-10,17,36.310904399999586,127.39882309999966
문화2동제3노상,공영,대전광역시 중구 문화동 374-16,30,36.31407099999973,127.4039514999998
문화2동제4노상,공영,대전광역시 중구 문화동 475번지 일원,37,36.30967119999986,127.40199779999948
문화2동제5노상,공영,대전광역시 중구 문화동 493-1번지 일원,72,36.30786059999979,127.40369490000012
부사동제1노상,공영,대전광역시 중구 부사동 87-14,24,36.3197840999997,127.43128509999937
대흥동제6노외,공영,대전광역시 중구 대흥동 326-34,22,36.31997489999999,127.42035769999933
부사동제2노상,공영,대전광역시 중구 부사동 177-1,40,36.31645520000008,127.42641999999991
부사동제3노상,공영,대전광역시 중구 부사동 166-1,36,36.31077319999987,127.43677089999943
대사동제1노외,공영,대전광역시 중구 대사동 197,93,36.311833799999754,127.41945789999947
부사동운동장2길,공영,대전광역시 중구 부사동 209-72,36,36.31565809999988,127.42818710000007
대사동제2노외,공영,대전광역시 중구 대사동 197-6,70,36.31079499999968,127.41910259999928
문창동제4노상,공영,대전광역시 중구 문창동 107-11,22,36.31652560000018,127.43500069999946
문창동제5노상,공영,대전광역시 중구 문창동 361-2,24,36.314446099999884,127.43704469999963
문창동제6노상,공영,대전광역시 중구 문창동 381,46,36.31351410000028,127.43748199999939
학하지구 공영(7),공영,대전광역시 유성구 학하동 747-1,46,36.33899487,127.3105585
학하지구 공영(8),공영,대전광역시 유성구 학하동 778-2,45,36.33723947,127.3121272
학하지구 공영(9),공영,대전광역시 유성구 학하동 731-1,22,36.33874342,127.3067665
학하지구 공영(10),공영,대전광역시 유성구 학하동 716-6,34,36.34109074,127.3090391
학하지구 공영(11),공영,대전광역시 유성구 학하동 721-12,39,36.33958785,127.3080724
학하지구 공영(12),공영,대전광역시 유성구 계산동 717-3,20,36.34268868,127.2989817
학하지구 공영(13),공영,대전광역시 유성구 복용동 585-1,22,36.3433264,127.3121106
학하지구 공영(14),공영,대전광역시 유성구 복용동 569-1,21,36.34379106,127.3101568
유성IC만남의광장,공영,대전광역시 유성구 장대동 240-43,215,36.36341989,127.3281519
반석동 제2공영,공영,대전광역시 유성구 반석동 714,10,36.41221825,127.376797
설목마을 공영,공영,대전광역시 유성구 화암동 155-37,9,36.41222206,127.3767955
